{"net": "Phi(\n  (c): Linear(in_features=5, out_features=1, bias=True)\n  (w): Linear(in_features=32, out_features=1, bias=False)\n  (N): ResNN(\n    (layers): ModuleList(\n      (0): Linear(in_features=5, out_features=32, bias=True)\n      (1): Linear(in_features=32, out_features=32, bias=True)\n    )\n  )\n)", "DIMENSION": 4, "m": 32, "nTh": 2, "alpha": [100.0, 10000.0, 300.0, 0.2, 0.2, 0.2], "nt": 20, "nt_val": 32, "Number of trainable parameters": 1311, "optimizer": "SAGA (\nParameter Group 0\n    lr: 0.001\n    n: 1024\n)", "data": "softcorridor", "n_train": 1024, "maxIters": 1800, "val_freq": 16, "viz_freq": 96, "_runtime": 1564, "_timestamp": 1633616456, "_step": 152, "iter": 1216, "lr": 1e-05, "time": 19.444615125656128, "loss": 104.49517059326172, "L": 88.45577239990234, "G": 0.007865119725465775, "HJt": 30.50017547607422, "HJfin": 32.61749267578125, "HJgrad": 13.146760940551758, "Q": 26.02809715270996, "W": 0.003238559700548649, "valLoss": 123.1945571899414, "valL": 104.4215087890625, "valG": 0.011821390129625797, "valHJt": 40.021446228027344, "valHJf": 32.24102783203125, "valHJg": 15.692094802856445, "valQ": 40.3074836730957, "valW": 0.003536820411682129, "_wandb": {"runtime": 1583}}