{"net": "Phi(\n  (c): Linear(in_features=5, out_features=1, bias=True)\n  (w): Linear(in_features=32, out_features=1, bias=False)\n  (N): ResNN(\n    (layers): ModuleList(\n      (0): Linear(in_features=5, out_features=32, bias=True)\n      (1): Linear(in_features=32, out_features=32, bias=True)\n    )\n  )\n)", "DIMENSION": 4, "m": 32, "nTh": 2, "alpha": [100.0, 10000.0, 300.0, 0.2, 0.2, 0.2], "nt": 20, "nt_val": 32, "Number of trainable parameters": 1311, "optimizer": "SAG (\nParameter Group 0\n    lr: 0.001\n    n: 1024\n)", "data": "softcorridor", "n_train": 1024, "maxIters": 1800, "val_freq": 16, "viz_freq": 96, "batch size": 64, "_runtime": 269, "_timestamp": 1633594372, "_step": 13, "iter": 13, "lr": 0.001, "time": 21.075674057006836, "loss": 460.0681457519531, "L": 212.27223205566406, "G": 1.4136772155761719, "HJt": 158.17041015625, "HJfin": 69.47186279296875, "HJgrad": 304.49859619140625, "Q": 158.64097595214844, "W": 0.01772988960146904, "_wandb": {"runtime": 285}}