{"iter": 32, "lr": 0.001, "time": 12.02762508392334, "loss": 257.5558166503906, "L": 164.5519561767578, "G": 0.22463664412498474, "HJt": 85.99903869628906, "HJfin": 34.80801010131836, "HJgrad": 124.30030059814453, "Q": 99.09344482421875, "W": 0.015636565163731575, "valLoss": 227.15154266357422, "valL": 157.57435607910156, "valG": 0.21315667033195496, "valHJt": 78.71441650390625, "valHJf": 35.631927490234375, "valHJg": 121.47809600830078, "valQ": 94.45384216308594, "valW": 0.00853796862065792, "_runtime": 28, "_timestamp": 1633587901, "_step": 2, "result_image": {"_type": "image-file", "path": "media/images/result_image_2_222ee3c5a3fa6bcc20db.png", "sha256": "222ee3c5a3fa6bcc20dbb392a8551abd2dc81aed5c4af48cf40dc5bb62f0dc9b", "size": 23554, "format": "png", "width": 640, "height": 480}, "Training Time": 25.89826011657715, "_wandb": {"runtime": 28}}