{"net": "Phi(\n  (c): Linear(in_features=5, out_features=1, bias=True)\n  (w): Linear(in_features=32, out_features=1, bias=False)\n  (N): ResNN(\n    (layers): ModuleList(\n      (0): Linear(in_features=5, out_features=32, bias=True)\n      (1): Linear(in_features=32, out_features=32, bias=True)\n    )\n  )\n)", "DIMENSION": 4, "m": 32, "nTh": 2, "alpha": [100.0, 10000.0, 300.0, 0.2, 0.2, 0.2], "nt": 20, "nt_val": 32, "Number of trainable parameters": 1311, "optimizer": "SAGA (\nParameter Group 0\n    lr: 0.001\n    n: 1024\n)", "data": "softcorridor", "n_train": 1024, "maxIters": 1800, "val_freq": 25, "viz_freq": 100, "_runtime": 2260, "_timestamp": 1633600607, "_step": 1452, "iter": 1397, "lr": 1e-05, "time": 1.6220118999481201, "loss": 111.76763916015625, "L": 96.98025512695312, "G": 0.006550061982125044, "HJt": 33.502899169921875, "HJfin": 29.331464767456055, "HJgrad": 7.827540874481201, "Q": 36.59672164916992, "W": 0.0028000539168715477, "valLoss": 112.54803466796875, "valL": 97.40343475341797, "valG": 0.007963193580508232, "valHJt": 33.947975158691406, "valHJf": 29.25962257385254, "valHJg": 8.533819198608398, "valQ": 37.310218811035156, "valW": 0.0004474228771869093, "_wandb": {"runtime": 2262}}