{"net": "Phi(\n  (c): Linear(in_features=5, out_features=1, bias=True)\n  (w): Linear(in_features=32, out_features=1, bias=False)\n  (N): ResNN(\n    (layers): ModuleList(\n      (0): Linear(in_features=5, out_features=32, bias=True)\n      (1): Linear(in_features=32, out_features=32, bias=True)\n    )\n  )\n)", "DIMENSION": 4, "m": 32, "nTh": 2, "alpha": [100.0, 10000.0, 300.0, 0.2, 0.2, 0.2], "nt": 20, "nt_val": 32, "Number of trainable parameters": 1311, "optimizer": "SVRG_k (\nParameter Group 0\n    lr: 0.001\n    weight_decay: 0.0\n)", "data": "softcorridor", "n_train": 1024, "maxIters": 1800, "val_freq": 16, "viz_freq": 96, "batch size": 64, "_runtime": 1109, "_timestamp": 1633593628, "_step": 174, "iter": 1392, "lr": 1e-05, "time": 10.85197401046753, "loss": 155.0464382171631, "L": 133.63034057617188, "G": 0.013612931594252586, "HJt": 57.65346145629883, "HJfin": 48.96684265136719, "HJgrad": 16.665802001953125, "Q": 61.83732223510742, "W": 0.0028832387179136276, "valLoss": 154.5525312423706, "valL": 130.38865661621094, "valG": 0.012904650531709194, "valHJt": 56.861106872558594, "valHJf": 48.97256851196289, "valHJg": 16.7618408203125, "valQ": 64.31109619140625, "valW": 0.0008692189585417509, "_wandb": {"runtime": 1118}}