{"net": "Phi(\n  (c): Linear(in_features=5, out_features=1, bias=True)\n  (w): Linear(in_features=32, out_features=1, bias=False)\n  (N): ResNN(\n    (layers): ModuleList(\n      (0): Linear(in_features=5, out_features=32, bias=True)\n      (1): Linear(in_features=32, out_features=32, bias=True)\n    )\n  )\n)", "DIMENSION": 4, "m": 32, "nTh": 2, "alpha": [100.0, 10000.0, 300.0, 0.2, 0.2, 0.2], "nt": 20, "nt_val": 32, "Number of trainable parameters": 1311, "optimizer": "SAG (\nParameter Group 0\n    lr: 0.001\n    n: 1024\n)", "data": "softcorridor", "n_train": 1024, "maxIters": 1800, "val_freq": 16, "viz_freq": 96, "batch size": 64, "_runtime": 838, "_timestamp": 1633595289, "_step": 76, "iter": 608, "lr": 0.0001, "time": 21.646777153015137, "loss": 335.75592041015625, "L": 253.20556640625, "G": 0.07242317497730255, "HJt": 208.3490447998047, "HJfin": 111.28837585449219, "HJgrad": 56.902706146240234, "Q": 152.7967529296875, "W": 0.040741320699453354, "valLoss": 336.5181884765625, "valL": 255.12652587890625, "valG": 0.07123005390167236, "valHJt": 203.65167236328125, "valHJf": 111.35279083251953, "valHJg": 56.338645935058594, "valQ": 153.64315795898438, "valW": 0.03914899006485939, "_wandb": {"runtime": 843}}