{"net": "Phi(\n  (c): Linear(in_features=5, out_features=1, bias=True)\n  (w): Linear(in_features=32, out_features=1, bias=False)\n  (N): ResNN(\n    (layers): ModuleList(\n      (0): Linear(in_features=5, out_features=32, bias=True)\n      (1): Linear(in_features=32, out_features=32, bias=True)\n    )\n  )\n)", "DIMENSION": 4, "m": 32, "nTh": 2, "alpha": [100.0, 10000.0, 300.0, 0.2, 0.2, 0.2], "nt": 20, "nt_val": 32, "Number of trainable parameters": 1311, "optimizer": "SAGA (\nParameter Group 0\n    lr: 0.001\n    n: 1024\n)", "data": "softcorridor", "n_train": 1024, "maxIters": 1800, "val_freq": 16, "viz_freq": 96, "_runtime": 161, "_timestamp": 1633598268, "_step": 4, "iter": 128, "lr": 0.001, "time": 75.29470324516296, "loss": 195.9709014892578, "L": 148.282958984375, "G": 0.06618009507656097, "HJt": 70.74395751953125, "HJfin": 77.70960998535156, "HJgrad": 56.8961181640625, "Q": 67.08840942382812, "W": 0.0007675113156437874, "valLoss": 205.677001953125, "valL": 151.05368041992188, "valG": 0.11619041860103607, "valHJt": 64.07699584960938, "valHJf": 70.36946105957031, "valHJg": 80.57485961914062, "valQ": 76.67057800292969, "valW": 0.006814268883317709, "_wandb": {"runtime": 170}}