{"net": "Phi(\n  (c): Linear(in_features=5, out_features=1, bias=True)\n  (w): Linear(in_features=32, out_features=1, bias=False)\n  (N): ResNN(\n    (layers): ModuleList(\n      (0): Linear(in_features=5, out_features=32, bias=True)\n      (1): Linear(in_features=32, out_features=32, bias=True)\n    )\n  )\n)", "DIMENSION": 4, "m": 32, "nTh": 2, "alpha": [100.0, 10000.0, 300.0, 0.2, 0.2, 0.2], "nt": 20, "nt_val": 32, "Number of trainable parameters": 1311, "optimizer": "SAG (\nParameter Group 0\n    lr: 0.0001\n    n: 1024\n)", "data": "softcorridor", "n_train": 1024, "maxIters": 1800, "val_freq": 32, "viz_freq": 96, "batch size": 32, "_runtime": 1822, "_timestamp": 1633598021, "_step": 87, "iter": 1408, "lr": 1.0000000000000002e-06, "time": 39.72474503517151, "loss": 325.1368408203125, "L": 182.7274169921875, "G": 0.7233827114105225, "HJt": 119.41150665283203, "HJfin": 11.678037643432617, "HJgrad": 219.26622009277344, "Q": 103.2217788696289, "W": 0.02854613959789276, "valLoss": 351.7492370605469, "valL": 204.953125, "valG": 0.7281358242034912, "valHJt": 138.15628051757812, "valHJf": 11.1013822555542, "valHJg": 220.65493774414062, "valQ": 136.80149841308594, "valW": 0.02316824346780777, "_wandb": {"runtime": 1825}}