{"iter": 848, "lr": 0.0001, "time": 11.09268593788147, "loss": 124.89336490631104, "L": 101.30049133300781, "G": 0.01045030914247036, "HJt": 36.673362731933594, "HJfin": 43.85694122314453, "HJgrad": 14.9290771484375, "Q": 37.37273025512695, "W": 0.005255002528429031, "valLoss": 123.48096704483032, "valL": 94.58806610107422, "valG": 0.009133432991802692, "valHJt": 31.72787857055664, "valHJf": 43.92831802368164, "valHJg": 13.589977264404297, "valQ": 34.0843391418457, "valW": 0.001920355949550867, "_runtime": 676, "_timestamp": 1633587597, "_step": 52, "_wandb": {"runtime": 676}}