{"net": "Phi(\n  (c): Linear(in_features=5, out_features=1, bias=True)\n  (w): Linear(in_features=32, out_features=1, bias=False)\n  (N): ResNN(\n    (layers): ModuleList(\n      (0): Linear(in_features=5, out_features=32, bias=True)\n      (1): Linear(in_features=32, out_features=32, bias=True)\n    )\n  )\n)", "DIMENSION": 4, "m": 32, "nTh": 2, "alpha": [100.0, 10000.0, 300.0, 0.2, 0.2, 0.2], "nt": 20, "nt_val": 32, "Number of trainable parameters": 1311, "optimizer": "SAG (\nParameter Group 0\n    lr: 0.0001\n    n: 1024\n)", "data": "softcorridor", "n_train": 1024, "maxIters": 1800, "val_freq": 16, "viz_freq": 96, "batch size": 64, "_runtime": 318, "_timestamp": 1633595765, "_step": 28, "iter": 224, "lr": 0.0001, "time": 19.111397743225098, "loss": 1504.964111328125, "L": 569.3701171875, "G": 5.873984336853027, "HJt": 531.162109375, "HJfin": 529.6951904296875, "HJgrad": 680.1201171875, "Q": 405.8888854980469, "W": 0.38629093766212463, "valLoss": 1554.6177978515625, "valL": 624.1144409179688, "valG": 5.770342826843262, "valHJt": 573.9694213867188, "valHJf": 519.3362426757812, "valHJg": 674.039794921875, "valQ": 459.35089111328125, "valW": 0.38373738527297974, "_wandb": {"runtime": 337}}