{"net": "Phi(\n  (c): Linear(in_features=5, out_features=1, bias=True)\n  (w): Linear(in_features=32, out_features=1, bias=False)\n  (N): ResNN(\n    (layers): ModuleList(\n      (0): Linear(in_features=5, out_features=32, bias=True)\n      (1): Linear(in_features=32, out_features=32, bias=True)\n    )\n  )\n)", "DIMENSION": 4, "m": 32, "nTh": 2, "alpha": [100.0, 10000.0, 300.0, 0.2, 0.2, 0.2], "nt": 20, "nt_val": 32, "Number of trainable parameters": 1311, "optimizer": "SAG (\nParameter Group 0\n    lr: 0.0001\n    n: 1024\n)", "data": "softcorridor", "n_train": 1024, "maxIters": 1800, "val_freq": 16, "viz_freq": 96, "batch size": 64, "_runtime": 87, "_timestamp": 1633595416, "_step": 8, "iter": 64, "lr": 0.0001, "time": 18.998698949813843, "loss": 2060.7470703125, "L": 372.7244873046875, "G": 11.949019432067871, "HJt": 358.0846862792969, "HJfin": 1143.4661865234375, "HJgrad": 964.0524291992188, "Q": 239.18551635742188, "W": 0.4020877182483673, "valLoss": 2043.7763671875, "valL": 377.34014892578125, "valG": 11.778010368347168, "valHJt": 359.61065673828125, "valHJf": 1126.3505859375, "valHJg": 957.2152099609375, "valQ": 241.9528045654297, "valW": 0.4067972004413605, "_wandb": {"runtime": 106}}