{"iter": 1799, "lr": 1.5000000000000002e-05, "time": 1.1024830341339111, "loss": 398.26513671875, "L": 215.24954223632812, "G": 0.9487543106079102, "HJt": 97.11880493164062, "HJfin": 118.90653228759766, "HJgrad": 224.67550659179688, "Q": 131.60128784179688, "W": 0.02184707671403885, "_runtime": 2343, "_timestamp": 1633591216, "_step": 1870, "valLoss": 397.1236267089844, "valL": 209.7107696533203, "valG": 0.9769582152366638, "valHJt": 101.95027923583984, "valHJf": 120.22022247314453, "valHJg": 226.4147491455078, "valQ": 81.44729614257812, "valW": 0.006419193930923939, "result_image": {"_type": "image-file", "path": "media/images/result_image_1870_465aee6dd6a1d90ccd09.png", "sha256": "465aee6dd6a1d90ccd09fa4901349e80fabc76d5a43e3bf5eee0542d08151b4d", "size": 33728, "format": "png", "width": 640, "height": 480}, "Training Time": 2297.793619155884, "_wandb": {"runtime": 2343}}