{"net": "Phi(\n  (c): Linear(in_features=5, out_features=1, bias=True)\n  (w): Linear(in_features=32, out_features=1, bias=False)\n  (N): ResNN(\n    (layers): ModuleList(\n      (0): Linear(in_features=5, out_features=32, bias=True)\n      (1): Linear(in_features=32, out_features=32, bias=True)\n    )\n  )\n)", "DIMENSION": 4, "m": 32, "nTh": 2, "alpha": [100.0, 10000.0, 300.0, 0.2, 0.2, 0.2], "nt": 20, "nt_val": 32, "Number of trainable parameters": 1311, "optimizer": "SAG (\nParameter Group 0\n    lr: 0.01\n    n: 1024\n)", "data": "softcorridor", "n_train": 1024, "maxIters": 1800, "val_freq": 25, "viz_freq": 100, "batch size": 64, "_runtime": 198, "_timestamp": 1633594004, "_step": 10, "iter": 10, "lr": 0.01, "time": 19.95553994178772, "loss": 54956.2265625, "L": 45634.7109375, "G": 1.1467947959899902, "HJt": 45255.8046875, "HJfin": 371.0703125, "HJgrad": 407.3144226074219, "Q": 148.40455627441406, "W": 0.00024875413510017097, "_wandb": {"runtime": 202}}