{"net": "Phi(\n  (c): Linear(in_features=5, out_features=1, bias=True)\n  (w): Linear(in_features=32, out_features=1, bias=False)\n  (N): ResNN(\n    (layers): ModuleList(\n      (0): Linear(in_features=5, out_features=32, bias=True)\n      (1): Linear(in_features=32, out_features=32, bias=True)\n    )\n  )\n)", "DIMENSION": 4, "m": 32, "nTh": 2, "alpha": [100.0, 10000.0, 300.0, 0.2, 0.2, 0.2], "nt": 20, "nt_val": 32, "Number of trainable parameters": 1311, "optimizer": "SAG (\nParameter Group 0\n    lr: 0.0001\n    n: 1024\n)", "data": "softcorridor", "n_train": 1024, "maxIters": 1800, "val_freq": 64, "viz_freq": 96, "batch size": 64, "_runtime": 1585, "_timestamp": 1633618416, "_step": 91, "iter": 1168, "lr": 1e-05, "time": 21.055911779403687, "loss": 393.12237548828125, "L": 196.4670867919922, "G": 1.1019835472106934, "HJt": 118.27676391601562, "HJfin": 33.180965423583984, "HJgrad": 280.8269348144531, "Q": 106.92289733886719, "W": 0.037978630512952805, "valLoss": 391.7872314453125, "valL": 194.08773803710938, "valG": 1.119211196899414, "valHJt": 111.79969787597656, "valHJf": 35.12982940673828, "valHJg": 281.96246337890625, "valQ": 109.08309936523438, "valW": 0.029133332893252373}